# 38-02 request-body constraint inventory, measured on Boot 3.5.16 at HEAD 2e601289e1fdc25c4da01b6168cfc4d8fb6d70f9 plus RequestBodyConstraintEnforcementTest (committed with this file); columns: endpoint TAB dto TAB property TAB constraint
POST /api/v1/admin/tenants	CreateTenantRequest	name	NotBlank
POST /api/v1/announcements	CreateAnnouncementRequest	shopId	NotNull
POST /api/v1/announcements	CreateAnnouncementRequest	title	NotBlank
POST /api/v1/customers	CreateCustomerRequest	email	NotBlank
POST /api/v1/customers	CreateCustomerRequest	name	NotBlank
POST /api/v1/financial-transactions	CreateTransactionRequest	amountPennies	NotNull
POST /api/v1/financial-transactions	CreateTransactionRequest	vatRate	NotNull
POST /api/v1/onboarding	CreateOnboardingRequest	model	NotNull
POST /api/v1/onboarding	CreateOnboardingRequest	shopId	NotNull
POST /api/v1/onboarding/admin/{id}/gates/{gateType}/resolve	ResolveGateRequest	decision	NotNull
POST /api/v1/onboarding/admin/{id}/reject	RejectOnboardingRequest	reason	NotBlank
POST /api/v1/orders	CreateOrderRequest	items	NotEmpty
POST /api/v1/orders	CreateOrderRequest	shopId	NotNull
POST /api/v1/orders	OrderItemRequest	productId	NotNull
POST /api/v1/orders	OrderItemRequest	quantity	NotNull
POST /api/v1/orders/{orderId}/refund	CreateRefundRequest	reason	NotNull
POST /api/v1/products	CreateProductRequest	allergenMask	NotNull
POST /api/v1/products	CreateProductRequest	ingredientsText	NotBlank
POST /api/v1/products	CreateProductRequest	pricePennies	NotNull
POST /api/v1/products	CreateProductRequest	sku	NotBlank
POST /api/v1/products	CreateProductRequest	title	NotBlank
POST /api/v1/promotions	CreatePromotionRequest	label	NotBlank
POST /api/v1/promotions	CreatePromotionRequest	shopId	NotNull
POST /api/v1/promotions	CreatePromotionRequest	validFrom	NotNull
POST /api/v1/promotions	CreatePromotionRequest	validUntil	NotNull
POST /api/v1/public/gdpr/dsar	DsarIntakeRequest	email	NotBlank
POST /api/v1/public/gdpr/dsar	DsarIntakeRequest	requestType	NotNull
POST /api/v1/public/shops/{slug}/orders,/public/shops/{slug}/orders	GuestOrderItemRequest	productId	NotNull
POST /api/v1/public/shops/{slug}/orders,/public/shops/{slug}/orders	GuestOrderItemRequest	quantity	NotNull
POST /api/v1/public/shops/{slug}/orders,/public/shops/{slug}/orders	GuestOrderRequest	customerEmail	NotBlank
POST /api/v1/public/shops/{slug}/orders,/public/shops/{slug}/orders	GuestOrderRequest	customerName	NotBlank
POST /api/v1/public/shops/{slug}/orders,/public/shops/{slug}/orders	GuestOrderRequest	customerPhone	NotBlank
POST /api/v1/public/shops/{slug}/orders,/public/shops/{slug}/orders	GuestOrderRequest	fulfilmentType	NotBlank
POST /api/v1/public/shops/{slug}/orders,/public/shops/{slug}/orders	GuestOrderRequest	items	NotEmpty
POST /api/v1/public/shops/{slug}/reviews,/public/shops/{slug}/reviews	CreateReviewRequest	foodRating	NotNull
POST /api/v1/public/shops/{slug}/reviews,/public/shops/{slug}/reviews	CreateReviewRequest	orderId	NotNull
POST /api/v1/shops	CreateShopRequest	name	NotBlank
POST /api/v1/staff/grant	GrantStaffRequest	role	NotNull
POST /api/v1/staff/grant	GrantStaffRequest	userId	NotNull
POST /api/v1/webhooks	CreateWebhookSubscriptionRequest	eventTypes	NotEmpty
POST /api/v1/webhooks	CreateWebhookSubscriptionRequest	targetUrl	NotBlank
PUT /api/v1/announcements/{id}	CreateAnnouncementRequest	shopId	NotNull
PUT /api/v1/announcements/{id}	CreateAnnouncementRequest	title	NotBlank
PUT /api/v1/customers/{id}	UpdateCustomerRequest	email	NotBlank
PUT /api/v1/customers/{id}	UpdateCustomerRequest	name	NotBlank
PUT /api/v1/products/{id}	CreateProductRequest	allergenMask	NotNull
PUT /api/v1/products/{id}	CreateProductRequest	ingredientsText	NotBlank
PUT /api/v1/products/{id}	CreateProductRequest	pricePennies	NotNull
PUT /api/v1/products/{id}	CreateProductRequest	sku	NotBlank
PUT /api/v1/products/{id}	CreateProductRequest	title	NotBlank
PUT /api/v1/promotions/{id}	CreatePromotionRequest	label	NotBlank
PUT /api/v1/promotions/{id}	CreatePromotionRequest	shopId	NotNull
PUT /api/v1/promotions/{id}	CreatePromotionRequest	validFrom	NotNull
PUT /api/v1/promotions/{id}	CreatePromotionRequest	validUntil	NotNull
PUT /api/v1/shops/{id}	CreateShopRequest	name	NotBlank
